<?xml version="1.0" encoding="UTF-8"?>
<project-private xmlns="http://www.netbeans.org/ns/project-private/1">
    <editor-bookmarks xmlns="http://www.netbeans.org/ns/editor-bookmarks/2" lastBookmarkId="0"/>
    <open-files xmlns="http://www.netbeans.org/ns/projectui-open-files/2">
        <group>
            <file>file:/C:/xampp/htdocs/MILAGRO_SI_FUNCIONA_2019_05/MILAGRO_SI_FUNCIONA_2019_06/MILAGRO_SI_FUNCIONA_10/BusquedadVotantes/controlador/generar_2.php</file>
            <file>file:/C:/xampp/htdocs/MILAGRO_SI_FUNCIONA_2019_05/MILAGRO_SI_FUNCIONA_2019_06/MILAGRO_SI_FUNCIONA_10/BusquedadVotantes/controlador/certificado_ocupacional_2.php</file>
        </group>
    </open-files>
</project-private>
